{"base_cam_id": 0, "cam0": [[-0.01623261538254983, -0.9989782782637817, 0.042177028759410706, -0.6237151344292567], [-0.4532825135848109, -0.03024650013103581, -0.8908535862351674, 0.2169738029903197], [0.8912190892682212, -0.033578993239125, -0.45232840518473855, 0.7099692434028565], [0.0, 0.0, 0.0, 1.0]], "cam1": [[0.3545984247526269, 0.9345799886123529, 0.02863916982543213, 0.5949701571797638], [0.4874223728673639, -0.15862586448001728, -0.8586368647724809, 0.09011401164021836], [-0.7979219182296621, 0.3184306517961192, -0.511783677353425, 1.302362011396134], [0.0, 0.0, 0.0, 1.0]], "cam2": [[-0.3253076332886503, 0.9431900234089059, 0.0675834555645419, 0.5179111730471784], [0.9230345296673138, 0.33225302877351864, -0.19394633771397587, 0.3613955667125471], [-0.205383058614816, -0.0007103609864262042, -0.9786814060874416, 0.2040883105044764], [0.0, 0.0, 0.0, 1.0]]}