{"extrinsics": [[-0.01623261538254983, -0.9989782782637817, 0.042177028759410706, -0.6237151344292567],
                [-0.45328251358481086, -0.030246500131035803, -0.8908535862351674, 0.21697380299031968],
                [0.8912190892682212, -0.033578993239125, -0.4523284051847385, 0.7099692434028565],
                [0.0, 0.0, 0.0, 1.0]],
 "cam_id": 0
}