{"base_cam_id": 0, "cam0": [[-0.01623261538254983, -0.9989782782637817, 0.042177028759410706, -0.6237151344292567], [-0.4532825135848109, -0.03024650013103581, -0.8908535862351674, 0.2169738029903197], [0.8912190892682212, -0.033578993239125, -0.45232840518473855, 0.7099692434028565], [0.0, 0.0, 0.0, 1.0]], "cam1": [[0.6668287588394977, 0.7444363912788792, -0.03396859909172305, 0.4615637054757564], [0.25175049398148724, -0.2679396004809629, -0.9299623966990159, -0.040017995295008275], [-0.7013993834932075, 0.6115740591570091, -0.3660820604749248, 1.5620004802618697], [0.0, 0.0, 0.0, 1.0]], "cam2": [[-0.586179898306382, 0.8092348425581427, -0.03914200316050205, 0.5715940888384498], [0.24084086763402443, 0.12792039756234114, -0.9620977332707855, 0.3267777867136363], [-0.7735559471032524, -0.5733893454515788, -0.26988118723579135, 0.7206725813391943], [0.0, 0.0, 0.0, 1.0]]}