{"cam0": [[-0.016405270560261198, -0.9989949597152885, 0.041712558795811816, -0.6235831346309537], [-0.45291627430019427, -0.029767927952629614, -0.8910559572436729, 0.2175674861453807], [0.8914021065556643, -0.03351031078424188, -0.4519727242868397, 0.7103994289109626], [0.0, 0.0, 0.0, 1.0]], "cam1": [[0.6404685883429682, 0.7675266765828413, -0.02651015050247646, 0.523300920533836], [0.26550728217106656, -0.25368121734992766, -0.9301353251425258, -0.02486918190790701], [-0.7206288021305416, 0.5886838206521029, -0.3662587730585353, 1.5198148231660313], [0.0, 0.0, 0.0, 1.0]], "cam2": [[-0.6057080012633432, 0.7949591227643144, -0.03402661222275194, 0.5957317449108983], [0.2284217194369419, 0.13276065202008025, -0.9644677948820656, 0.3326284557487846], [-0.7621950769291526, -0.5919582775914151, -0.26200011888540875, 0.6946981203383878], [0.0, 0.0, 0.0, 1.0]]}