{"cam0": [[-0.010844168145210942, -0.9995227470371834, 0.02892545889836401, -0.6203747256889494], [-0.45161549441737525, -0.020913156805548838, -0.8919675358860186, 0.22336898497140872], [0.8921467643943948, -0.022735831360851444, -0.45117317379576427, 0.7218015123765887], [0.0, 0.0, 0.0, 1.0]], "cam1": [[0.6434587946007102, 0.7646801661637883, -0.03500033038018707, 0.524683190025658], [0.2610047981601937, -0.26215304737180267, -0.9290598877849771, -0.02844530723031939], [-0.7196091126357127, 0.5886765013395715, -0.3682698762894459, 1.5170191034665494], [0.0, 0.0, 0.0, 1.0]], "cam2": [[-0.6106136283388599, 0.7913256299790141, -0.030898935664010585, 0.5901551244861049], [0.22510094071594383, 0.13602314065736965, -0.9647939011491016, 0.3364290934693498], [-0.7592631713547349, -0.5960716840649465, -0.26118572717575694, 0.6788764184260121], [0.0, 0.0, 0.0, 1.0]]}