{"cam0": [[-0.01623261538254983, -0.9989782782637817, 0.042177028759410706, -0.6237151344292567], [-0.45328251358481086, -0.030246500131035803, -0.8908535862351674, 0.21697380299031968], [0.8912190892682212, -0.033578993239125, -0.4523284051847385, 0.7099692434028565], [0.0, 0.0, 0.0, 1.0]], "cam1": [[0.666495015948957, 0.7450395235087104, -0.026467000682231567, 0.46848345384013573], [0.25658133291795376, -0.26257539321669254, -0.930172125187132, -0.033598039667168865], [-0.6999645800419088, 0.6131641470984852, -0.36616842490818524, 1.545707381933794], [0.0, 0.0, 0.0, 1.0]], "cam2": [[-0.5803411780720613, 0.8136596232208491, -0.03409009495496018, 0.5727478761993285], [0.23161880750407376, 0.12478043984186893, -0.9647707343422378, 0.32843220040610627], [-0.7807412151566759, -0.5677920916787906, -0.2608740991028068, 0.7161980726786442], [0.0, 0.0, 0.0, 1.0]]}