{"cam0": [[613.7125244140625, 0.0, 320.8321838378906], [0.0, 612.29638671875, 225.43858337402344], [0.0, 0.0, 1.0]], "cam1": [[606.2864990234375, 0.0, 318.11590576171875], [0.0, 606.4111328125, 249.67953491210938], [0.0, 0.0, 1.0]], "cam2": [[605.9554443359375, 0.0, 322.080810546875], [0.0, 605.6469116210938, 242.12582397460938], [0.0, 0.0, 1.0]]}