{"cam0": [[-0.5550850771418002, 0.8287528466437554, -0.07193002569971853, 0.5324471817771116], [0.2644085004467334, 0.09371273229965986, -0.9599065291289353, 0.36640733137605885], [-0.7887377255351149, -0.5517359883051908, -0.2711316066310857, 0.6848899631262666], [0.0, 0.0, 0.0, 1.0]], "cam1": [[0.6833383712637057, 0.7300918978839133, -0.0002036452205728071, 0.49355750106943735], [0.2815112108030427, -0.2637179592170211, -0.9225846005235322, 0.02685668235184449], [-0.67366388042174, 0.6305271919330517, -0.38569693768109803, 1.5262544563377334], [0.0, 0.0, 0.0, 1.0]], "cam2": [[-0.016232615382549866, -0.9989782782637817, 0.04217702875941066, -0.6237151344292567], [-0.45328251358481086, -0.030246500131035865, -0.8908535862351674, 0.2169738029903197], [0.8912190892682209, -0.033578993239124985, -0.4523284051847384, 0.7099692434028563], [0.0, 0.0, 0.0, 1.0]]}